doc_key,index,url
news·20250310·LI·202503100895995984,0,https://nouveau-eureka-cc.acces.bibl.ulaval.ca/Document/View?viewEvent=1&docRefId=0&docName=news%C2%B720250310%C2%B7LI%C2%B7202503100895995984&docIndex=0
news·20250228·LM·202502282×20×22852688860×215,1,https://nouveau-eureka-cc.acces.bibl.ulaval.ca/Document/View?viewEvent=1&docRefId=0&docName=news%C2%B720250228%C2%B7LM%C2%B7202502282%C3%9720%C3%9722852688860%C3%97215&docIndex=1
news·20250225·LM·202502252×20×22834188922×215,2,https://nouveau-eureka-cc.acces.bibl.ulaval.ca/Document/View?viewEvent=1&docRefId=0&docName=news%C2%B720250225%C2%B7LM%C2%B7202502252%C3%9720%C3%9722834188922%C3%97215&docIndex=2
news·20250224·LM·202502242×20×22830984477×215,3,https://nouveau-eureka-cc.acces.bibl.ulaval.ca/Document/View?viewEvent=1&docRefId=0&docName=news%C2%B720250224%C2%B7LM%C2%B7202502242%C3%9720%C3%9722830984477%C3%97215&docIndex=3
news·20250219·LM·202502192×20×22791633701,4,https://nouveau-eureka-cc.acces.bibl.ulaval.ca/Document/View?viewEvent=1&docRefId=0&docName=news%C2%B720250219%C2%B7LM%C2%B7202502192%C3%9720%C3%9722791633701&docIndex=4
news·20250215·LE·l00012339998,5,https://nouveau-eureka-cc.acces.bibl.ulaval.ca/Document/View?viewEvent=1&docRefId=0&docName=news%C2%B720250215%C2%B7LE%C2%B7l00012339998&docIndex=5
news·20250213·LF·1102×20×293880113,6,https://nouveau-eureka-cc.acces.bibl.ulaval.ca/Document/View?viewEvent=1&docRefId=0&docName=news%C2%B720250213%C2%B7LF%C2%B71102%C3%9720%C3%97293880113&docIndex=6
news·20250213·LM·202502132×20×22786481944×215,7,https://nouveau-eureka-cc.acces.bibl.ulaval.ca/Document/View?viewEvent=1&docRefId=0&docName=news%C2%B720250213%C2%B7LM%C2%B7202502132%C3%9720%C3%9722786481944%C3%97215&docIndex=7
news·20250212·LF·1102×20×277257354,8,https://nouveau-eureka-cc.acces.bibl.ulaval.ca/Document/View?viewEvent=1&docRefId=0&docName=news%C2%B720250212%C2%B7LF%C2%B71102%C3%9720%C3%97277257354&docIndex=8
news·20250212·LI·202502120895960165,9,https://nouveau-eureka-cc.acces.bibl.ulaval.ca/Document/View?viewEvent=1&docRefId=0&docName=news%C2%B720250212%C2%B7LI%C2%B7202502120895960165&docIndex=9
news·20250212·LM·202502122×20×22765482409,10,https://nouveau-eureka-cc.acces.bibl.ulaval.ca/Document/View?viewEvent=1&docRefId=0&docName=news%C2%B720250212%C2%B7LM%C2%B7202502122%C3%9720%C3%9722765482409&docIndex=10
news·20250212·LM·202502122×20×22781230308×215,11,https://nouveau-eureka-cc.acces.bibl.ulaval.ca/Document/View?viewEvent=1&docRefId=0&docName=news%C2%B720250212%C2%B7LM%C2%B7202502122%C3%9720%C3%9722781230308%C3%97215&docIndex=11
news·20250212·LF·1102×20×277564684,12,https://nouveau-eureka-cc.acces.bibl.ulaval.ca/Document/View?viewEvent=1&docRefId=0&docName=news%C2%B720250212%C2%B7LF%C2%B71102%C3%9720%C3%97277564684&docIndex=12
news·20250212·LM·202502122×20×22764740331,13,https://nouveau-eureka-cc.acces.bibl.ulaval.ca/Document/View?viewEvent=1&docRefId=0&docName=news%C2%B720250212%C2%B7LM%C2%B7202502122%C3%9720%C3%9722764740331&docIndex=13
news·20250211·LF·1102×20×259643937,14,https://nouveau-eureka-cc.acces.bibl.ulaval.ca/Document/View?viewEvent=1&docRefId=0&docName=news%C2%B720250211%C2%B7LF%C2%B71102%C3%9720%C3%97259643937&docIndex=14
news·20250211·LF·1092×20×21597189144,15,https://nouveau-eureka-cc.acces.bibl.ulaval.ca/Document/View?viewEvent=1&docRefId=0&docName=news%C2%B720250211%C2%B7LF%C2%B71092%C3%9720%C3%9721597189144&docIndex=15
news·20250211·LF·1092×20×21510985168,16,https://nouveau-eureka-cc.acces.bibl.ulaval.ca/Document/View?viewEvent=1&docRefId=0&docName=news%C2%B720250211%C2%B7LF%C2%B71092%C3%9720%C3%9721510985168&docIndex=16
news·20250211·LM·202502112×20×22774241798×215,17,https://nouveau-eureka-cc.acces.bibl.ulaval.ca/Document/View?viewEvent=1&docRefId=0&docName=news%C2%B720250211%C2%B7LM%C2%B7202502112%C3%9720%C3%9722774241798%C3%97215&docIndex=17
news·20250211·LF·1092×20×21597190888,18,https://nouveau-eureka-cc.acces.bibl.ulaval.ca/Document/View?viewEvent=1&docRefId=0&docName=news%C2%B720250211%C2%B7LF%C2%B71092%C3%9720%C3%9721597190888&docIndex=18
news·20250211·LF·1092×20×21596443133,19,https://nouveau-eureka-cc.acces.bibl.ulaval.ca/Document/View?viewEvent=1&docRefId=0&docName=news%C2%B720250211%C2%B7LF%C2%B71092%C3%9720%C3%9721596443133&docIndex=19
news·20250211·LF·1092×20×21596268610,20,https://nouveau-eureka-cc.acces.bibl.ulaval.ca/Document/View?viewEvent=1&docRefId=0&docName=news%C2%B720250211%C2%B7LF%C2%B71092%C3%9720%C3%9721596268610&docIndex=20
news·20250211·LF·1092×20×21511058681,21,https://nouveau-eureka-cc.acces.bibl.ulaval.ca/Document/View?viewEvent=1&docRefId=0&docName=news%C2%B720250211%C2%B7LF%C2%B71092%C3%9720%C3%9721511058681&docIndex=21
news·20250211·LF·1102×20×260845204,22,https://nouveau-eureka-cc.acces.bibl.ulaval.ca/Document/View?viewEvent=1&docRefId=0&docName=news%C2%B720250211%C2%B7LF%C2%B71102%C3%9720%C3%97260845204&docIndex=22
news·20250211·LI·202502110895901602,23,https://nouveau-eureka-cc.acces.bibl.ulaval.ca/Document/View?viewEvent=1&docRefId=0&docName=news%C2%B720250211%C2%B7LI%C2%B7202502110895901602&docIndex=23
news·20250210·LI·202502100895940904,24,https://nouveau-eureka-cc.acces.bibl.ulaval.ca/Document/View?viewEvent=1&docRefId=0&docName=news%C2%B720250210%C2%B7LI%C2%B7202502100895940904&docIndex=24
news·20250210·LI·202502100895958197,25,https://nouveau-eureka-cc.acces.bibl.ulaval.ca/Document/View?viewEvent=1&docRefId=0&docName=news%C2%B720250210%C2%B7LI%C2%B7202502100895958197&docIndex=25
news·20250210·LM·202502102×20×22765337326×215,26,https://nouveau-eureka-cc.acces.bibl.ulaval.ca/Document/View?viewEvent=1&docRefId=0&docName=news%C2%B720250210%C2%B7LM%C2%B7202502102%C3%9720%C3%9722765337326%C3%97215&docIndex=26
news·20250210·LI·202502100895924419,27,https://nouveau-eureka-cc.acces.bibl.ulaval.ca/Document/View?viewEvent=1&docRefId=0&docName=news%C2%B720250210%C2%B7LI%C2%B7202502100895924419&docIndex=27
news·20250210·LI·202502100895992464,28,https://nouveau-eureka-cc.acces.bibl.ulaval.ca/Document/View?viewEvent=1&docRefId=0&docName=news%C2%B720250210%C2%B7LI%C2%B7202502100895992464&docIndex=28
news·20250207·LF·1102×20×2946829,29,https://nouveau-eureka-cc.acces.bibl.ulaval.ca/Document/View?viewEvent=1&docRefId=0&docName=news%C2%B720250207%C2%B7LF%C2%B71102%C3%9720%C3%972946829&docIndex=29
news·20250205·LF·1092×20×21577148441,30,https://nouveau-eureka-cc.acces.bibl.ulaval.ca/Document/View?viewEvent=1&docRefId=0&docName=news%C2%B720250205%C2%B7LF%C2%B71092%C3%9720%C3%9721577148441&docIndex=30
news·20250205·LF·1092×20×21581749672,31,https://nouveau-eureka-cc.acces.bibl.ulaval.ca/Document/View?viewEvent=1&docRefId=0&docName=news%C2%B720250205%C2%B7LF%C2%B71092%C3%9720%C3%9721581749672&docIndex=31
news·20250205·LM·202502052×20×22730324351,32,https://nouveau-eureka-cc.acces.bibl.ulaval.ca/Document/View?viewEvent=1&docRefId=0&docName=news%C2%B720250205%C2%B7LM%C2%B7202502052%C3%9720%C3%9722730324351&docIndex=32
news·20250205·LM·202502052×20×22747281635×215,33,https://nouveau-eureka-cc.acces.bibl.ulaval.ca/Document/View?viewEvent=1&docRefId=0&docName=news%C2%B720250205%C2%B7LM%C2%B7202502052%C3%9720%C3%9722747281635%C3%97215&docIndex=33
news·20250203·LF·1092×20×21550515918,34,https://nouveau-eureka-cc.acces.bibl.ulaval.ca/Document/View?viewEvent=1&docRefId=0&docName=news%C2%B720250203%C2%B7LF%C2%B71092%C3%9720%C3%9721550515918&docIndex=34
news·20250201·OP·39dd7800-e06c-11ef-ab38-2958c2f5f877,35,https://nouveau-eureka-cc.acces.bibl.ulaval.ca/Document/View?viewEvent=1&docRefId=0&docName=news%C2%B720250201%C2%B7OP%C2%B739dd7800-e06c-11ef-ab38-2958c2f5f877&docIndex=35
news·20250131·LM·202501312×20×22724851964×215,36,https://nouveau-eureka-cc.acces.bibl.ulaval.ca/Document/View?viewEvent=1&docRefId=0&docName=news%C2%B720250131%C2%B7LM%C2%B7202501312%C3%9720%C3%9722724851964%C3%97215&docIndex=36
news·20250131·LM·202501312×20×22724623087×215,37,https://nouveau-eureka-cc.acces.bibl.ulaval.ca/Document/View?viewEvent=1&docRefId=0&docName=news%C2%B720250131%C2%B7LM%C2%B7202501312%C3%9720%C3%9722724623087%C3%97215&docIndex=37
news·20250131·LM·202501312×20×22724101337×215,38,https://nouveau-eureka-cc.acces.bibl.ulaval.ca/Document/View?viewEvent=1&docRefId=0&docName=news%C2%B720250131%C2%B7LM%C2%B7202501312%C3%9720%C3%9722724101337%C3%97215&docIndex=38
news·20250130·LF·1092×20×21491914685,39,https://nouveau-eureka-cc.acces.bibl.ulaval.ca/Document/View?viewEvent=1&docRefId=0&docName=news%C2%B720250130%C2%B7LF%C2%B71092%C3%9720%C3%9721491914685&docIndex=39
news·20250129·LF·1092×20×21482880415,40,https://nouveau-eureka-cc.acces.bibl.ulaval.ca/Document/View?viewEvent=1&docRefId=0&docName=news%C2%B720250129%C2%B7LF%C2%B71092%C3%9720%C3%9721482880415&docIndex=40
news·20250129·LM·202501292×20×22692513060,41,https://nouveau-eureka-cc.acces.bibl.ulaval.ca/Document/View?viewEvent=1&docRefId=0&docName=news%C2%B720250129%C2%B7LM%C2%B7202501292%C3%9720%C3%9722692513060&docIndex=41
news·20250129·LI·202501290895950941,42,https://nouveau-eureka-cc.acces.bibl.ulaval.ca/Document/View?viewEvent=1&docRefId=0&docName=news%C2%B720250129%C2%B7LI%C2%B7202501290895950941&docIndex=42
news·20250128·LE·l00012338645,43,https://nouveau-eureka-cc.acces.bibl.ulaval.ca/Document/View?viewEvent=1&docRefId=0&docName=news%C2%B720250128%C2%B7LE%C2%B7l00012338645&docIndex=43
news·20250128·LF·1092×20×21468724674,44,https://nouveau-eureka-cc.acces.bibl.ulaval.ca/Document/View?viewEvent=1&docRefId=0&docName=news%C2%B720250128%C2%B7LF%C2%B71092%C3%9720%C3%9721468724674&docIndex=44
news·20250125·OP·957df3f0-daff-11ef-991f-d92a5a77643e,45,https://nouveau-eureka-cc.acces.bibl.ulaval.ca/Document/View?viewEvent=1&docRefId=0&docName=news%C2%B720250125%C2%B7OP%C2%B7957df3f0-daff-11ef-991f-d92a5a77643e&docIndex=45
news·20250123·LF·1092×20×21408339811,46,https://nouveau-eureka-cc.acces.bibl.ulaval.ca/Document/View?viewEvent=1&docRefId=0&docName=news%C2%B720250123%C2%B7LF%C2%B71092%C3%9720%C3%9721408339811&docIndex=46
news·20250122·LM·202501222×20×22666906510,47,https://nouveau-eureka-cc.acces.bibl.ulaval.ca/Document/View?viewEvent=1&docRefId=0&docName=news%C2%B720250122%C2%B7LM%C2%B7202501222%C3%9720%C3%9722666906510&docIndex=47
news·20250120·LF·1092×20×21310006721,48,https://nouveau-eureka-cc.acces.bibl.ulaval.ca/Document/View?viewEvent=1&docRefId=0&docName=news%C2%B720250120%C2%B7LF%C2%B71092%C3%9720%C3%9721310006721&docIndex=48
news·20250114·LM·202501142×20×22633755348×215,49,https://nouveau-eureka-cc.acces.bibl.ulaval.ca/Document/View?viewEvent=1&docRefId=0&docName=news%C2%B720250114%C2%B7LM%C2%B7202501142%C3%9720%C3%9722633755348%C3%97215&docIndex=49
news·20250114·LM·202501142×20×22642189482×215,50,https://nouveau-eureka-cc.acces.bibl.ulaval.ca/Document/View?viewEvent=1&docRefId=0&docName=news%C2%B720250114%C2%B7LM%C2%B7202501142%C3%9720%C3%9722642189482%C3%97215&docIndex=50
news·20250111·LF·1092×20×21248618859,51,https://nouveau-eureka-cc.acces.bibl.ulaval.ca/Document/View?viewEvent=1&docRefId=0&docName=news%C2%B720250111%C2%B7LF%C2%B71092%C3%9720%C3%9721248618859&docIndex=51
news·20250110·LF·1092×20×21237657220,52,https://nouveau-eureka-cc.acces.bibl.ulaval.ca/Document/View?viewEvent=1&docRefId=0&docName=news%C2%B720250110%C2%B7LF%C2%B71092%C3%9720%C3%9721237657220&docIndex=52
news·20250109·LF·1092×20×21223820413,53,https://nouveau-eureka-cc.acces.bibl.ulaval.ca/Document/View?viewEvent=1&docRefId=0&docName=news%C2%B720250109%C2%B7LF%C2%B71092%C3%9720%C3%9721223820413&docIndex=53
news·20250107·LM·202501072×20×22549989293×215,54,https://nouveau-eureka-cc.acces.bibl.ulaval.ca/Document/View?viewEvent=1&docRefId=0&docName=news%C2%B720250107%C2%B7LM%C2%B7202501072%C3%9720%C3%9722549989293%C3%97215&docIndex=54
news·20250107·LM·202501072×20×22554832655×215,55,https://nouveau-eureka-cc.acces.bibl.ulaval.ca/Document/View?viewEvent=1&docRefId=0&docName=news%C2%B720250107%C2%B7LM%C2%B7202501072%C3%9720%C3%9722554832655%C3%97215&docIndex=55
news·20250107·LM·202501072×20×22554834905×215,56,https://nouveau-eureka-cc.acces.bibl.ulaval.ca/Document/View?viewEvent=1&docRefId=0&docName=news%C2%B720250107%C2%B7LM%C2%B7202501072%C3%9720%C3%9722554834905%C3%97215&docIndex=56
news·20241226·LM·202412262×20×22578961160×215,57,https://nouveau-eureka-cc.acces.bibl.ulaval.ca/Document/View?viewEvent=1&docRefId=0&docName=news%C2%B720241226%C2%B7LM%C2%B7202412262%C3%9720%C3%9722578961160%C3%97215&docIndex=57
news·20241219·LF·1092×20×2949305295,58,https://nouveau-eureka-cc.acces.bibl.ulaval.ca/Document/View?viewEvent=1&docRefId=0&docName=news%C2%B720241219%C2%B7LF%C2%B71092%C3%9720%C3%972949305295&docIndex=58
news·20241216·LM·202412162×20×22527506523,59,https://nouveau-eureka-cc.acces.bibl.ulaval.ca/Document/View?viewEvent=1&docRefId=0&docName=news%C2%B720241216%C2%B7LM%C2%B7202412162%C3%9720%C3%9722527506523&docIndex=59
news·20241210·LM·202412102×20×22516479064,60,https://nouveau-eureka-cc.acces.bibl.ulaval.ca/Document/View?viewEvent=1&docRefId=0&docName=news%C2%B720241210%C2%B7LM%C2%B7202412102%C3%9720%C3%9722516479064&docIndex=60
news·20241204·LF·1092×20×2698515687,61,https://nouveau-eureka-cc.acces.bibl.ulaval.ca/Document/View?viewEvent=1&docRefId=0&docName=news%C2%B720241204%C2%B7LF%C2%B71092%C3%9720%C3%972698515687&docIndex=61
news·20241203·LF·1092×20×2681265460,62,https://nouveau-eureka-cc.acces.bibl.ulaval.ca/Document/View?viewEvent=1&docRefId=0&docName=news%C2%B720241203%C2%B7LF%C2%B71092%C3%9720%C3%972681265460&docIndex=62
news·20241202·LM·202412022×20×22482178862,63,https://nouveau-eureka-cc.acces.bibl.ulaval.ca/Document/View?viewEvent=1&docRefId=0&docName=news%C2%B720241202%C2%B7LM%C2%B7202412022%C3%9720%C3%9722482178862&docIndex=63
news·20241202·LM·202412022×20×22491257184,64,https://nouveau-eureka-cc.acces.bibl.ulaval.ca/Document/View?viewEvent=1&docRefId=0&docName=news%C2%B720241202%C2%B7LM%C2%B7202412022%C3%9720%C3%9722491257184&docIndex=64
news·20241129·LM·202411292×20×22484051534,65,https://nouveau-eureka-cc.acces.bibl.ulaval.ca/Document/View?viewEvent=1&docRefId=0&docName=news%C2%B720241129%C2%B7LM%C2%B7202411292%C3%9720%C3%9722484051534&docIndex=65
news·20241116·LF·1092×20×2388058604,66,https://nouveau-eureka-cc.acces.bibl.ulaval.ca/Document/View?viewEvent=1&docRefId=0&docName=news%C2%B720241116%C2%B7LF%C2%B71092%C3%9720%C3%972388058604&docIndex=66
news·20241114·LF·1092×20×2353402544,67,https://nouveau-eureka-cc.acces.bibl.ulaval.ca/Document/View?viewEvent=1&docRefId=0&docName=news%C2%B720241114%C2%B7LF%C2%B71092%C3%9720%C3%972353402544&docIndex=67
news·20241109·LF·1092×20×2269199906,68,https://nouveau-eureka-cc.acces.bibl.ulaval.ca/Document/View?viewEvent=1&docRefId=0&docName=news%C2%B720241109%C2%B7LF%C2%B71092%C3%9720%C3%972269199906&docIndex=68
news·20241104·LI·202411040895968830,69,https://nouveau-eureka-cc.acces.bibl.ulaval.ca/Document/View?viewEvent=1&docRefId=0&docName=news%C2%B720241104%C2%B7LI%C2%B7202411040895968830&docIndex=69
news·20241030·LF·1082×20×21855612504,70,https://nouveau-eureka-cc.acces.bibl.ulaval.ca/Document/View?viewEvent=1&docRefId=0&docName=news%C2%B720241030%C2%B7LF%C2%B71082%C3%9720%C3%9721855612504&docIndex=70
news·20241030·LF·1082×20×21855425371,71,https://nouveau-eureka-cc.acces.bibl.ulaval.ca/Document/View?viewEvent=1&docRefId=0&docName=news%C2%B720241030%C2%B7LF%C2%B71082%C3%9720%C3%9721855425371&docIndex=71
news·20241029·LI·202410290895932928,72,https://nouveau-eureka-cc.acces.bibl.ulaval.ca/Document/View?viewEvent=1&docRefId=0&docName=news%C2%B720241029%C2%B7LI%C2%B7202410290895932928&docIndex=72
news·20241026·LE·l00012331273,73,https://nouveau-eureka-cc.acces.bibl.ulaval.ca/Document/View?viewEvent=1&docRefId=0&docName=news%C2%B720241026%C2%B7LE%C2%B7l00012331273&docIndex=73
news·20241023·LM·202410232×20×22351321268,74,https://nouveau-eureka-cc.acces.bibl.ulaval.ca/Document/View?viewEvent=1&docRefId=0&docName=news%C2%B720241023%C2%B7LM%C2%B7202410232%C3%9720%C3%9722351321268&docIndex=74
news·20241022·LF·1082×20×21918517116,75,https://nouveau-eureka-cc.acces.bibl.ulaval.ca/Document/View?viewEvent=1&docRefId=0&docName=news%C2%B720241022%C2%B7LF%C2%B71082%C3%9720%C3%9721918517116&docIndex=75
news·20241018·LM·202410182×20×22353927630,76,https://nouveau-eureka-cc.acces.bibl.ulaval.ca/Document/View?viewEvent=1&docRefId=0&docName=news%C2%B720241018%C2%B7LM%C2%B7202410182%C3%9720%C3%9722353927630&docIndex=76
news·20241005·LI·202410050895994230,77,https://nouveau-eureka-cc.acces.bibl.ulaval.ca/Document/View?viewEvent=1&docRefId=0&docName=news%C2%B720241005%C2%B7LI%C2%B7202410050895994230&docIndex=77
news·20241004·LM·202410042×20×22317580284,78,https://nouveau-eureka-cc.acces.bibl.ulaval.ca/Document/View?viewEvent=1&docRefId=0&docName=news%C2%B720241004%C2%B7LM%C2%B7202410042%C3%9720%C3%9722317580284&docIndex=78
news·20241002·LF·1082×20×21560660407,79,https://nouveau-eureka-cc.acces.bibl.ulaval.ca/Document/View?viewEvent=1&docRefId=0&docName=news%C2%B720241002%C2%B7LF%C2%B71082%C3%9720%C3%9721560660407&docIndex=79
news·20240930·LM·202409302×20×22297228055,80,https://nouveau-eureka-cc.acces.bibl.ulaval.ca/Document/View?viewEvent=1&docRefId=0&docName=news%C2%B720240930%C2%B7LM%C2%B7202409302%C3%9720%C3%9722297228055&docIndex=80
news·20240927·LF·1082×20×21475816454,81,https://nouveau-eureka-cc.acces.bibl.ulaval.ca/Document/View?viewEvent=1&docRefId=0&docName=news%C2%B720240927%C2%B7LF%C2%B71082%C3%9720%C3%9721475816454&docIndex=81
news·20240923·LM·202409232×20×22285594318,82,https://nouveau-eureka-cc.acces.bibl.ulaval.ca/Document/View?viewEvent=1&docRefId=0&docName=news%C2%B720240923%C2%B7LM%C2%B7202409232%C3%9720%C3%9722285594318&docIndex=82
news·20240918·LF·1082×20×21268083068,83,https://nouveau-eureka-cc.acces.bibl.ulaval.ca/Document/View?viewEvent=1&docRefId=0&docName=news%C2%B720240918%C2%B7LF%C2%B71082%C3%9720%C3%9721268083068&docIndex=83
news·20240914·LE·l00012324459,84,https://nouveau-eureka-cc.acces.bibl.ulaval.ca/Document/View?viewEvent=1&docRefId=0&docName=news%C2%B720240914%C2%B7LE%C2%B7l00012324459&docIndex=84
news·20240913·LI·202409135015389662,85,https://nouveau-eureka-cc.acces.bibl.ulaval.ca/Document/View?viewEvent=1&docRefId=0&docName=news%C2%B720240913%C2%B7LI%C2%B7202409135015389662&docIndex=85
news·20240912·LF·1082×20×21198836346,86,https://nouveau-eureka-cc.acces.bibl.ulaval.ca/Document/View?viewEvent=1&docRefId=0&docName=news%C2%B720240912%C2%B7LF%C2%B71082%C3%9720%C3%9721198836346&docIndex=86
news·20240912·LM·202409122×20×22263272954,87,https://nouveau-eureka-cc.acces.bibl.ulaval.ca/Document/View?viewEvent=1&docRefId=0&docName=news%C2%B720240912%C2%B7LM%C2%B7202409122%C3%9720%C3%9722263272954&docIndex=87
news·20240911·LM·202409112×20×22253206677,88,https://nouveau-eureka-cc.acces.bibl.ulaval.ca/Document/View?viewEvent=1&docRefId=0&docName=news%C2%B720240911%C2%B7LM%C2%B7202409112%C3%9720%C3%9722253206677&docIndex=88
news·20240909·LM·202409092×20×22253078196,89,https://nouveau-eureka-cc.acces.bibl.ulaval.ca/Document/View?viewEvent=1&docRefId=0&docName=news%C2%B720240909%C2%B7LM%C2%B7202409092%C3%9720%C3%9722253078196&docIndex=89
news·20240907·LI·202409075015389932,90,https://nouveau-eureka-cc.acces.bibl.ulaval.ca/Document/View?viewEvent=1&docRefId=0&docName=news%C2%B720240907%C2%B7LI%C2%B7202409075015389932&docIndex=90
news·20240904·LF·1082×20×21082380712,91,https://nouveau-eureka-cc.acces.bibl.ulaval.ca/Document/View?viewEvent=1&docRefId=0&docName=news%C2%B720240904%C2%B7LF%C2%B71082%C3%9720%C3%9721082380712&docIndex=91
news·20240902·LM·202409022×20×22236974252,92,https://nouveau-eureka-cc.acces.bibl.ulaval.ca/Document/View?viewEvent=1&docRefId=0&docName=news%C2%B720240902%C2%B7LM%C2%B7202409022%C3%9720%C3%9722236974252&docIndex=92
news·20240820·LM·202408202×20×22210724435,93,https://nouveau-eureka-cc.acces.bibl.ulaval.ca/Document/View?viewEvent=1&docRefId=0&docName=news%C2%B720240820%C2%B7LM%C2%B7202408202%C3%9720%C3%9722210724435&docIndex=93
news·20240806·LF·1082×20×2670819065,94,https://nouveau-eureka-cc.acces.bibl.ulaval.ca/Document/View?viewEvent=1&docRefId=0&docName=news%C2%B720240806%C2%B7LF%C2%B71082%C3%9720%C3%972670819065&docIndex=94
news·20240802·OR·3b7bb680-5094-11ef-8e0f-574bb663eaa5,95,https://nouveau-eureka-cc.acces.bibl.ulaval.ca/Document/View?viewEvent=1&docRefId=0&docName=news%C2%B720240802%C2%B7OR%C2%B73b7bb680-5094-11ef-8e0f-574bb663eaa5&docIndex=95
news·20240724·LM·202407242×20×22169010839,96,https://nouveau-eureka-cc.acces.bibl.ulaval.ca/Document/View?viewEvent=1&docRefId=0&docName=news%C2%B720240724%C2%B7LM%C2%B7202407242%C3%9720%C3%9722169010839&docIndex=96
news·20240713·LM·202407132×20×22154432345,97,https://nouveau-eureka-cc.acces.bibl.ulaval.ca/Document/View?viewEvent=1&docRefId=0&docName=news%C2%B720240713%C2%B7LM%C2%B7202407132%C3%9720%C3%9722154432345&docIndex=97
news·20240710·LM·202407102×20×22145626601,98,https://nouveau-eureka-cc.acces.bibl.ulaval.ca/Document/View?viewEvent=1&docRefId=0&docName=news%C2%B720240710%C2%B7LM%C2%B7202407102%C3%9720%C3%9722145626601&docIndex=98
news·20240710·LM·202407102×20×22146104401,99,https://nouveau-eureka-cc.acces.bibl.ulaval.ca/Document/View?viewEvent=1&docRefId=0&docName=news%C2%B720240710%C2%B7LM%C2%B7202407102%C3%9720%C3%9722146104401&docIndex=99
news·20240705·LM·202407052×20×22143574470,100,https://nouveau-eureka-cc.acces.bibl.ulaval.ca/Document/View?viewEvent=1&docRefId=0&docName=news%C2%B720240705%C2%B7LM%C2%B7202407052%C3%9720%C3%9722143574470&docIndex=100
news·20240620·LM·202406202×20×22122347610,101,https://nouveau-eureka-cc.acces.bibl.ulaval.ca/Document/View?viewEvent=1&docRefId=0&docName=news%C2%B720240620%C2%B7LM%C2%B7202406202%C3%9720%C3%9722122347610&docIndex=101
news·20240620·LM·202406202×20×22122346322,102,https://nouveau-eureka-cc.acces.bibl.ulaval.ca/Document/View?viewEvent=1&docRefId=0&docName=news%C2%B720240620%C2%B7LM%C2%B7202406202%C3%9720%C3%9722122346322&docIndex=102
news·20240619·LF·1072×20×21662130924,103,https://nouveau-eureka-cc.acces.bibl.ulaval.ca/Document/View?viewEvent=1&docRefId=0&docName=news%C2%B720240619%C2%B7LF%C2%B71072%C3%9720%C3%9721662130924&docIndex=103
news·20240613·LM·202406132×20×22114050820,104,https://nouveau-eureka-cc.acces.bibl.ulaval.ca/Document/View?viewEvent=1&docRefId=0&docName=news%C2%B720240613%C2%B7LM%C2%B7202406132%C3%9720%C3%9722114050820&docIndex=104
news·20240610·LM·202406102×20×22107551303,105,https://nouveau-eureka-cc.acces.bibl.ulaval.ca/Document/View?viewEvent=1&docRefId=0&docName=news%C2%B720240610%C2%B7LM%C2%B7202406102%C3%9720%C3%9722107551303&docIndex=105
news·20240610·LM·202406102×20×22107521944,106,https://nouveau-eureka-cc.acces.bibl.ulaval.ca/Document/View?viewEvent=1&docRefId=0&docName=news%C2%B720240610%C2%B7LM%C2%B7202406102%C3%9720%C3%9722107521944&docIndex=106
news·20240604·LF·1072×20×21056259760,107,https://nouveau-eureka-cc.acces.bibl.ulaval.ca/Document/View?viewEvent=1&docRefId=0&docName=news%C2%B720240604%C2%B7LF%C2%B71072%C3%9720%C3%9721056259760&docIndex=107
news·20240601·LE·l000012315572,108,https://nouveau-eureka-cc.acces.bibl.ulaval.ca/Document/View?viewEvent=1&docRefId=0&docName=news%C2%B720240601%C2%B7LE%C2%B7l000012315572&docIndex=108
news·20240527·LM·202405272×20×22038181182,109,https://nouveau-eureka-cc.acces.bibl.ulaval.ca/Document/View?viewEvent=1&docRefId=0&docName=news%C2%B720240527%C2%B7LM%C2%B7202405272%C3%9720%C3%9722038181182&docIndex=109
news·20240525·LM·202405252×20×22047727672,110,https://nouveau-eureka-cc.acces.bibl.ulaval.ca/Document/View?viewEvent=1&docRefId=0&docName=news%C2%B720240525%C2%B7LM%C2%B7202405252%C3%9720%C3%9722047727672&docIndex=110
news·20240525·LF·1072×20×21136262302,111,https://nouveau-eureka-cc.acces.bibl.ulaval.ca/Document/View?viewEvent=1&docRefId=0&docName=news%C2%B720240525%C2%B7LF%C2%B71072%C3%9720%C3%9721136262302&docIndex=111
news·20240524·LM·202405242×20×22038072708,112,https://nouveau-eureka-cc.acces.bibl.ulaval.ca/Document/View?viewEvent=1&docRefId=0&docName=news%C2%B720240524%C2%B7LM%C2%B7202405242%C3%9720%C3%9722038072708&docIndex=112
news·20240524·LF·1072×20×21192359484,113,https://nouveau-eureka-cc.acces.bibl.ulaval.ca/Document/View?viewEvent=1&docRefId=0&docName=news%C2%B720240524%C2%B7LF%C2%B71072%C3%9720%C3%9721192359484&docIndex=113
news·20240523·LM·202405232×20×22031631835,114,https://nouveau-eureka-cc.acces.bibl.ulaval.ca/Document/View?viewEvent=1&docRefId=0&docName=news%C2%B720240523%C2%B7LM%C2%B7202405232%C3%9720%C3%9722031631835&docIndex=114
news·20240518·LE·l000012314640,115,https://nouveau-eureka-cc.acces.bibl.ulaval.ca/Document/View?viewEvent=1&docRefId=0&docName=news%C2%B720240518%C2%B7LE%C2%B7l000012314640&docIndex=115
news·20240517·LI·196416458,116,https://nouveau-eureka-cc.acces.bibl.ulaval.ca/Document/View?viewEvent=1&docRefId=0&docName=news%C2%B720240517%C2%B7LI%C2%B7196416458&docIndex=116
news·20240517·LI·196415613,117,https://nouveau-eureka-cc.acces.bibl.ulaval.ca/Document/View?viewEvent=1&docRefId=0&docName=news%C2%B720240517%C2%B7LI%C2%B7196415613&docIndex=117
news·20240516·LF·1072×20×21056929583,118,https://nouveau-eureka-cc.acces.bibl.ulaval.ca/Document/View?viewEvent=1&docRefId=0&docName=news%C2%B720240516%C2%B7LF%C2%B71072%C3%9720%C3%9721056929583&docIndex=118
news·20240507·LM·202405072×20×21930856215,119,https://nouveau-eureka-cc.acces.bibl.ulaval.ca/Document/View?viewEvent=1&docRefId=0&docName=news%C2%B720240507%C2%B7LM%C2%B7202405072%C3%9720%C3%9721930856215&docIndex=119
news·20240506·LI·196151028,120,https://nouveau-eureka-cc.acces.bibl.ulaval.ca/Document/View?viewEvent=1&docRefId=0&docName=news%C2%B720240506%C2%B7LI%C2%B7196151028&docIndex=120
news·20240503·LF·1072×20×2836944021,121,https://nouveau-eureka-cc.acces.bibl.ulaval.ca/Document/View?viewEvent=1&docRefId=0&docName=news%C2%B720240503%C2%B7LF%C2%B71072%C3%9720%C3%972836944021&docIndex=121
news·20240429·LM·202404292×20×21867957547,122,https://nouveau-eureka-cc.acces.bibl.ulaval.ca/Document/View?viewEvent=1&docRefId=0&docName=news%C2%B720240429%C2%B7LM%C2%B7202404292%C3%9720%C3%9721867957547&docIndex=122
news·20240426·LF·1072×20×2718968196,123,https://nouveau-eureka-cc.acces.bibl.ulaval.ca/Document/View?viewEvent=1&docRefId=0&docName=news%C2%B720240426%C2%B7LF%C2%B71072%C3%9720%C3%972718968196&docIndex=123
news·20240424·LM·202404242×20×21885249156,124,https://nouveau-eureka-cc.acces.bibl.ulaval.ca/Document/View?viewEvent=1&docRefId=0&docName=news%C2%B720240424%C2%B7LM%C2%B7202404242%C3%9720%C3%9721885249156&docIndex=124
news·20240420·LM·202404202×20×21863680965,125,https://nouveau-eureka-cc.acces.bibl.ulaval.ca/Document/View?viewEvent=1&docRefId=0&docName=news%C2%B720240420%C2%B7LM%C2%B7202404202%C3%9720%C3%9721863680965&docIndex=125
news·20240411·LF·1072×20×2466962276,126,https://nouveau-eureka-cc.acces.bibl.ulaval.ca/Document/View?viewEvent=1&docRefId=0&docName=news%C2%B720240411%C2%B7LF%C2%B71072%C3%9720%C3%972466962276&docIndex=126
news·20240409·LM·202404092×20×21804084537,127,https://nouveau-eureka-cc.acces.bibl.ulaval.ca/Document/View?viewEvent=1&docRefId=0&docName=news%C2%B720240409%C2%B7LM%C2%B7202404092%C3%9720%C3%9721804084537&docIndex=127
news·20240408·LM·202404082×20×21798486737,128,https://nouveau-eureka-cc.acces.bibl.ulaval.ca/Document/View?viewEvent=1&docRefId=0&docName=news%C2%B720240408%C2%B7LM%C2%B7202404082%C3%9720%C3%9721798486737&docIndex=128
news·20240402·LF·1072×20×2263560389,129,https://nouveau-eureka-cc.acces.bibl.ulaval.ca/Document/View?viewEvent=1&docRefId=0&docName=news%C2%B720240402%C2%B7LF%C2%B71072%C3%9720%C3%972263560389&docIndex=129
news·20240328·LF·1072×20×2246269396,130,https://nouveau-eureka-cc.acces.bibl.ulaval.ca/Document/View?viewEvent=1&docRefId=0&docName=news%C2%B720240328%C2%B7LF%C2%B71072%C3%9720%C3%972246269396&docIndex=130
news·20240325·LF·1072×20×299380068,131,https://nouveau-eureka-cc.acces.bibl.ulaval.ca/Document/View?viewEvent=1&docRefId=0&docName=news%C2%B720240325%C2%B7LF%C2%B71072%C3%9720%C3%97299380068&docIndex=131
news·20240322·LF·1072×20×2153374859,132,https://nouveau-eureka-cc.acces.bibl.ulaval.ca/Document/View?viewEvent=1&docRefId=0&docName=news%C2%B720240322%C2%B7LF%C2%B71072%C3%9720%C3%972153374859&docIndex=132
news·20240318·LE·l016246994,133,https://nouveau-eureka-cc.acces.bibl.ulaval.ca/Document/View?viewEvent=1&docRefId=0&docName=news%C2%B720240318%C2%B7LE%C2%B7l016246994&docIndex=133
